AntiproteinId,Acr Family,Original Gene Name,Source,Size,Inhibted,Pubmed Ids,Url,Query
YP_007392738.1,AcrE1,JBD5-34,AcrE1Pae(Pseudomonasaeruginosa),100,I-E,24736222,https://www.ncbi.nlm.nih.gov/pubmed/?term=24736222,MEKKLSDAQVALVAAWRKYPDLRESLEEAASILSLIVFQAETLSDQANELANYIRRQGLEEAEGACRNIDRYEEMGEFTFGLCSCWEFNVM
YP_007392439.1,AcrE2,JBD88a-32,AcrE2Pae(Pseudomonasaeruginosa),84,I-E,24736222,https://www.ncbi.nlm.nih.gov/pubmed/?term=24736222,MNTYLIDPRKNNDNSGERFTVDAVDITAAAKSAAQQILGEEFEGLVYRETGESNGSGMFQAYHHLHGTNRTETTVGYPFHVMEL
YP_950454.1,AcrE3,DMS3-30,AcrE3Pae(Pseudomonasaeruginosa),68,I-E,24736222,https://www.ncbi.nlm.nih.gov/pubmed/?term=24736222,MKITNDTTTYEVAELMGSEADELDGRIMMGLLSRECVVDTDDLSEDQWLALIDESQKVRREQFESDEA
NP_938238.1,AcrE4,D3112_31,AcrE4Pae(Pseudomonasaeruginosa),52,I-E,24736222,https://www.ncbi.nlm.nih.gov/pubmed/?term=24736222,MSTQYTYEQIAEDFRLWGEYMDPNAEMTEEEFQALSTEEKVAMQVEAFGAEA
YP_007392342.1,AcrF1,JBD30_35,AcrF1Pae(Pseudomonasaeruginosa),78,I-F,23242138,https://www.ncbi.nlm.nih.gov/pubmed/?term=23242138,MKFIKYLSTAHLNYMNIAVYENGSKIKARVENVVNGKSVGARDFDSTEQLESWFYGLPGSGLGRIENAMNEISRRENP
NP_938237.1,AcrF2,D3112_30,AcrF2Pae(Pseudomonasaeruginosa),90,I-F,23242138,https://www.ncbi.nlm.nih.gov/pubmed/?term=23242138,MIAQQHKDTVAACEAAEAIAIAKDQVWDGEGYTKYTFDDNSVLIQSGTTQYAMDADDADSIKGYADWLDDEARSAEASEIERLLESVEEE
YP_007392739.1,AcrF3,JBD5_35,AcrF3Pae(Pseudomonasaeruginosa),139,I-F,23242138,https://www.ncbi.nlm.nih.gov/pubmed/?term=23242138,MSNTISDRIVARSVIEAARFIQSWEDADPDSLTEDQVLAAAGFAARLHEGLQATVLQRLVDESNHEEYREFKAWEEALLNADGRVASSPFADWGWWYRIANVMLATASQNVGVTWGSRVHGRLMAIFQDKFKQRYEEQA
YP_007392799.1,AcrF4,JBD24_36,AcrF4Pae(Pseudomonasaeruginosa),100,I-F,23242138,https://www.ncbi.nlm.nih.gov/pubmed/?term=23242138,MMTISKTDIDCYLQTYVVIDPVSNGWQWGIDENGVGGALHHGRVEMVEGENGYFGLRGATHPTEKEAMAAALGYLWKCRQDLVAIARNDAIEAEKYRAKA
YP_007392740.1,AcrF5,JBD5_36,AcrF5Pae(Pseudomonasaeruginosa),79,I-F,23242138,https://www.ncbi.nlm.nih.gov/pubmed/?term=23242138,MSRPTVVTVTETPRNPGSYEVNVERDGKMVVGRARAGSDPGAAAAKAMQMAMEWGSPNYVILGSNKVLAFIPEQLRVKM
KQJ68297.1,AcrF6,,AcrF6Pae(Pseudomonasaeruginosa),100,I-E;I-F,27573108,https://www.ncbi.nlm.nih.gov/pubmed/?term=27573108,MKVPAFFAANILTIEQIIEAINNDGSAMTSAPEIAGYYAWDAATDALESENDLEQLTEDDFVAHLEVLEERGAKIDRDAAIAVALQFQAAAVNDLHSGDE
ACD38920.1,AcrF7,,AcrF7Pae(Pseudomonasaeruginosa),67,I-F,27573108,https://www.ncbi.nlm.nih.gov/pubmed/?term=27573108,MSHASHNGEAPKRIEAMTTFTSIVTTNPDFGGFEFYVEAGQQFDDSAYEEAYGVSVPSAVVEEMNAKAAQLKDGEWLNVSHEA
AFC22483.1,AcrF8,,AcrF8ZF40(PectobacteriumphageZF40),92,I-F,27573108,https://www.ncbi.nlm.nih.gov/pubmed/?term=27573108,MARIAPNEDSTMSTAYIIFNSSVAAVVDTEIANGANVTFSTVTVKEEINANRDFNLVNAQNGKISRAKRWGNEASKCEYFGREINPTEFFIK
WP_031500045.1,AcrF9,,AcrF9Vpa(Vibrioparahaemolyticus),68,I-F,27573108,https://www.ncbi.nlm.nih.gov/pubmed/?term=27573108,MKAAYIIKEVQNINSEREGTQIEATSLSQAKRIASKEQCFHGTVMRIETVNGLWLAYKEDGKRWVDCQ
KEK29119.1,AcrF10,,AcrF10Sxi(Shewanellaxiamenensis),97,I-F,27573108,https://www.ncbi.nlm.nih.gov/pubmed/?term=27573108,MTTFRIENVRIETINDFDMVKFDLVTDLGRVELAEHVNYDSEGDFKSVEYTDSNIRYNMVDELCSVFDLTDKPSLMPAIDYVTFAEIIEAVEEMLEA
AEO04364.1,AcrIIA1,,AcrIIA1Lmo(Listeriamonocytogenes),149,II-A,28041849,https://www.ncbi.nlm.nih.gov/pubmed/?term=28041849,MTIKLLDEFLKKHDLTRYQLSKLTGISQNTLKDQNEKPLNKYTVSILRSLSLISGLSVSDVLFELEDIEKNSDDLAGFKHLLDKYKLSFPAQEFELYCLIKEFESANIEVLPFTFNRFENEEHVNIKKDVCKALENAITVLKEKKNELL
AEO04363.1,AcrIIA2,,AcrIIA2Lmo(Listeriamonocytogenes),123,II-A,28041849,https://www.ncbi.nlm.nih.gov/pubmed/?term=28041849,MTLTRAQKKYAEAMHEFINMVDDFEESTPDFAKEVLHDSDYVVITKNEKYAVALCSLSTDECEYDTNLYLDEKLVDYSTVDVNGVTYYINIVETNDIDDLEIATDEDEMKSGNQEIILKSELK
CBY03209.1,AcrIIA3,,AcrIIA3Lmo(Listeriamonocytogenes),125,II-A,28041849,https://www.ncbi.nlm.nih.gov/pubmed/?term=28041849,MFNKAEIMKQAWNWFNDSNIWLSDIEWVSYTDKEKSFSVCLKAAWSKAKEEVEESKKESKHIAKSEELKAWNWAERKLGLHFNISDDEKFTSVKDETKINFGLSVWACAMKAVKLHNDLFPQTAA
AEO04689.1,AcrIIA4,,AcrIIA4Lmo(Listeriamonocytogenes),87,II-A,28041849,https://www.ncbi.nlm.nih.gov/pubmed/?term=28041849,MNINDLIREIKNKDYTVKLSGTDSNSITQLIIRVNNDGNEYVISESENESIVEKFISAFKNGWNQEYEDE
WP_028357638.1,AcrIIC1,,AcrIIC1Nme(Neisseriameningitidis),85,II-C,27984730,https://www.ncbi.nlm.nih.gov/pubmed/?term=27984730,MKEVFKLKPELVTYKGCGWALACIKDGEIIDLTYVRDLGIEEYDENFDGLEPEIIYYDVVASQACKEVAYRYEEMGEFTFGLCSCWEFNVM
WP_042743678.1,AcrIIC2,,AcrIIC2Nme(Neisseriameningitidis),123,II-C,27984730,https://www.ncbi.nlm.nih.gov/pubmed/?term=27984730,MSKNNIFNKYPTIIHGEARGENDEFVVHTRYPRFLARKSFDDNFTGEMPAKPVNGELGQIGEPRRLAYDSRLGLWLSDFIMLDNNKPKNMEDWLGQLKAACDRIAADDLMLNEDAADLEGWDD
WP_042743676.1,AcrIIC3,,AcrIIC3Nme(Neisseriameningitidis),116,II-C,27984730,https://www.ncbi.nlm.nih.gov/pubmed/?term=27984730,MFKRAIIFTSFNGFEKVSRTEKRRLAKIINARVSIIDEYLRAKDTNASLDGQYRAFLFNDESPAMTEFLAKLKAFAESCTGISIDAWEIEESEYVRLPVERRDFLAAANGKEIFKI
